nom,type,url,produit,signal,statut_livraison,contact,canal,score,message_envoye,reponse,notes
AWOL Vision Aetherion,Crowdfunding Kickstarter – marque établie,https://www.kickstarter.com/projects/awolvision/awol-vision-aetherion-pixel-clarity-rgb-laser-ust-projector,Vidéoprojecteur 4K ultra-courte focale laser RGB,"Expéditions promises avril 2026 ; update Kickstarter : seulement 133 unités livrées aux USA, les autres backers doivent attendre ; AWOL s'excuse, production ralentie pour la qualité (changements produit). [colère backers: forte]",expédition partielle,Andy Zhao (fondateur & CEO),LinkedIn fondateur: https://www.linkedin.com/in/andy-zhao-088ab819/,5,,,"Source signal: https://www.avsforum.com/threads/awol-vision-aetherion-ust-projector.3337687/page-323 (2026). Montant: 18,6 M$+ — 7 050 backers. Confiance signal: moyenne (relayé, page non rouverte). Source fondateur: https://www.crunchbase.com/person/andy-zhao-0972."
AERIONN Forma,Crowdfunding Kickstarter – startup/petite,https://www.kickstarter.com/projects/392990565/aerionn-titanium-carry-on-made-for-timeless-travelers,Valise cabine en titane grade 1 conçue à Milan,"Plainte backer (10 août 2026): design modifié après campagne, ""Aerionn stopped communicating with its backers at the beginning of April"" malgré envois promis en juillet 2026; frais PledgeBox >$270; email de contact non fonctionnel. [colère backers: forte]",non expédié,,Kickstarter/Indiegogo message: https://www.kickstarter.com/projects/392990565/aerionn-titanium-carry-on-made-for-timeless-travelers,5,,,"Source signal: https://www.complaintsboard.com/kickstarter-aerionn-forma-titanium-suitcase-creator-violated-tos-kickstarter-did-nothing-c2019193 (2026-08-10). Montant: $1,186,866 – 1,833 backers. Confiance signal: haute."
The Minimal Phone,Crowdfunding Indiegogo – startup/petite,https://www.indiegogo.com/en/projects/minimalcompany/the-minimal-phone-first-e-ink-qwerty-phone,Smartphone Android à écran E-Ink et clavier QWERTY physique,"Livraison promise été 2024, repoussée sept., nov.-déc., janv.-mars puis avr.-mai 2025 (capteur de température écran défectueux). Août 2026: plaintes BBB sur retards, communication, remboursements; livraison intégrale non vérifiée. [colère backers: forte]",expédition partielle,"Andre Youkhna (Founder & CEO, The Minimal Company; co-fondateur Armen Youssefian)",LinkedIn fondateur: https://www.linkedin.com/in/andre-youkhna/,5,,,"Source signal: https://www.itechguides.com/with-backers-losing-patience-the-long-delayed-minimal-phone-was-rumored-to-ship-in-two-weeks-what-happened/ (2026-08-18). Montant: 759 989 $ (~2 000 contributeurs, Indiegogo fév.-avr. 2024). Confiance signal: haute. Source fondateur: https://www.linkedin.com/in/andre-youkhna/. Montant via synthèse de recherche (BackerTracker/newatlas). Minimal Phone 2 évoqué (sans URL, à vérifier)."
Pilet,Crowdfunding Kickstarter – startup/petite,https://www.kickstarter.com/projects/soulscircuit/pilet-opensource-modular-portable-mini-computer,Mini-ordinateur portable modulaire open source (Raspberry Pi),"Livraison promise juillet 2025; update #20 (11/04/2026): refonte complète vers Raspberry Pi CM5 au lieu du Pi 5 promis. Près d'un an de retard, backers organisés pour remboursements (piletrefund.com). [retard ~14 mois] [colère backers: forte]",non expédié,"Christopher Stockall (co-fondateur Soulscircuit, avec 'James')",Kickstarter/Indiegogo message: https://www.kickstarter.com/projects/soulscircuit/pilet-opensource-modular-portable-mini-computer,5,,,"Source signal: https://c33tech.com/blog/2026/04/how_not_to_pilet_a_kickstarter/ (2026-04-12). Montant: CA$1 264 707 / 2 777 contributeurs (Kickstarter). Confiance signal: haute. Source fondateur: https://www.facebook.com/hacksterio/posts/christopher-stockall-has-launched-a-crowdfunding-campaign-for-the-soulscircuit-p/1030775865757133/. retard_mois = juil. 2025 -> sept. 2026, toujours non livré. Hackster (avr. 2026): 'nearly a year overdue'. Updates #22 (pannes d'écran) et #23 mentionnés sur piletrefund.com."
Pocket FIT,Crowdfunding Indiegogo – marque établie,https://www.indiegogo.com/en/projects/konkr/pocket-fit-premier-hi-performance-android-handheld,Console portable Android haut de gamme (Snapdragon G3 / 8 Elite),"Livraison promise déc. 2025 ; version Elite repoussée, production le 17 mars 2026 (""a full three months past its original target"") — cause : coût RAM « nearly tripled », rendements écrans faibles, composants en retard. [retard ~3 mois] [colère backers: modérée]",expédition partielle,"Arthur Zhang (fondateur & CEO d'AYANEO, maison-mère de KONKR)",LinkedIn entreprise: https://www.linkedin.com/company/ayaneo-gaming,4,,,Source signal: https://www.gsmgotech.com/2026/03/ayaneo-konkr-pocket-fit-elite.html (2026-03). Montant: n.c.. Confiance signal: haute. Source fondateur: https://retrododo.com/arthur-zhang-interview/.
SwiftShape,Crowdfunding Kickstarter – startup/petite,https://www.kickstarter.com/projects/swiftshape/swiftshape-cutting-edge-3-in-1-desktop-printer,"Machine de bureau 3-en-1 : laser CO2, CNC, impression 3D","Forum Glowforge (juil. 2025) : ""they have been having a lot of delays on their project"" ; ""Seems like they have 15 out right now then they are working on 15 more"" — campagne close nov. 2024. [colère backers: modérée]",expédition partielle,,email pro: https://swiftshape.com/contact-us/ ([email removed — see 03_DISCOVERY] / [email removed — see 03_DISCOVERY] publiés sur https://swiftshape.com/about/),4,,,Source signal: https://community.glowforge.com/t/swiftshape/140166 (2025-07-28). Montant: 795 758 $ — 266 backers (Kicktraq). Confiance signal: haute.
Wordrunner,Crowdfunding Kickstarter – startup/petite,https://www.kickstarter.com/projects/astrohaus/wordrunner-mechanical-word-counting-keyboard,Clavier mécanique pour écrivains avec compteur de mots,"Livraison promise janvier 2026; en sept. 2026 le produit est toujours en « PREORDER NOW » sur le site Freewrite. Post Reddit: >6 mois de retard, prototypes, modifications d'outillage et de composants (post non ouvrable directement). [retard ~8 mois] [colère backers: modérée]",non expédié,Adam Leeb (co-fondateur & CEO; co-fondateur Patrick Paul),email pro: [email removed — see 03_DISCOVERY] (https://getfreewrite.com/products/wordrunner),4,,,"Source signal: https://getfreewrite.com/products/wordrunner (2026-09). Montant: $235,528 – 723 backers. Confiance signal: haute. Source fondateur: https://en.wikipedia.org/wiki/Astrohaus."
AIVELA Ring Pro,Crowdfunding Kickstarter – startup/petite,https://www.kickstarter.com/projects/ldh/aivela-ring-pro-all-in-one-smart-ring-to-master-your-day,Bague connectée santé avec contrôle gestuel,"Promis nov. 2025; en fév. 2026 ~5 000 bagues restaient à produire; 2e lot: ""About half of the units made in that batch passed final checks… the rest were held back due to component quality issues"". [retard ~4 mois] [colère backers: modérée]",expédition partielle,Li Donghao (fondateur & CEO),site: https://www.aivela.com/pages/contact-us,4,,,"Source signal: https://gadgetsandwearables.com/2026/02/12/aivela-ring-pro-shipping/ (2026-02-12). Montant: $865,198 – 5,349 backers. Confiance signal: haute. Source fondateur: https://eu.36kr.com/en/p/3873710996902912."
OneXPlayer 3,Crowdfunding Indiegogo – marque établie,https://www.indiegogo.com/en/projects/one-netbook/onexplayer-3-next-gen-3-in-1-ai-gaming-and-productivity-handheld,"Console PC portable 3-en-1 Intel Arc, écran OLED 8,8""",Mise à jour « ONEXPLAYER 3 Shipping Schedule Update »: livraison des batteries plus longue que prévu; premier lot prévu août 2026. Backers Reddit: commandes anciennes non expédiées alors que des plus récentes l'étaient. [colère backers: modérée],expédition partielle,,site: https://onexplayerstore.com/pages/contact-us,4,,,"Source signal: https://www.indiegogo.com/en/projects/one-netbook/onexplayer-3-next-gen-3-in-1-ai-gaming-and-productivity-handheld/updates/5 (2026-08). Montant: n.c.. Confiance signal: moyenne (relayé, page non rouverte). Contenu des updates Indiegogo non lisible (JS); signal repris du titre de l'update + résumé préalable. Campagne lancée le 23/06/2026, prix dès 1 399 $."
Creality Filament Maker M1 & Shredder R1,Crowdfunding Indiegogo – marque établie,https://www.indiegogo.com/en/projects/creality/creality-filament-maker-m1--shredder-r1,Extrudeuse de filament et broyeur pour recycler déchets d'impression 3D,"Livraison promise T2 2026, aucune unité expédiée: diamètre du filament non conforme lors des tests usine (matériaux haute température). Au 23/09/2026, « no firm ship date or tracking numbers »; coupon offert, pas de remboursement. [retard ~3 mois]",non expédié,"Chen Chun (Jack Chen), co-fondateur, président et directeur général de Creality",site: https://crowdfunding.creality.com/,4,,,"Source signal: https://makers101.com/creality-filament-maker-m1-shredder-r1-live-tracker/ (2026-09-23). Montant: 6 816 733 $ / 5 320 contributeurs (Indiegogo). Confiance signal: haute. Source fondateur: https://en.wikipedia.org/wiki/Creality. Update officielle Creality: https://www.indiegogo.com/en/projects/creality/creality-filament-maker-m1--shredder-r1/updates/7 (Production & Fulfillment Update #2). retard_mois = fin T2 2026 -> sept. 2026, toujours non expédié."
Hyper TrackPad Pro,Crowdfunding Kickstarter – marque établie,https://www.kickstarter.com/projects/hypershop/hyper-trackpad-pro,Trackpad haptique externe premium pour Windows,"Livraison promise T1 2026 ; fév. 2026 : problèmes fournisseur, remboursements proposés ; mai 2026 projet annulé : ""there is no viable path to deliver the product to the standard and timeframe expected.""",annulé/remboursements,,email pro: mailto:[email removed — see 03_DISCOVERY],4,,,"Source signal: https://liliputing.com/hyperspace-trackpad-pro-is-canceled-hyper-promises-refunds-to-kickstarter-backers/ (2026-05-28). Montant: 201 707 $ / 1 719 backers. Confiance signal: haute. Promesse T1 2026 : https://www.hypershop.com/blogs/news/hyper-unveils-hyperspace-trackpad-pro-first-premium-haptic-trackpad-for-microsoft-windows (contact presse Rachel Neppes, Head of PR Hyper+Targus ; exec cité : Gabi Iorio, Director Global Marketing & Sales). Refunds : cash ou crédit +50 $."
Smokpub,Crowdfunding Kickstarter – startup/petite,https://www.kickstarter.com/projects/smokpub/smokpub-the-first-electric-flavor-infuser-for-drinks,Fumoir électrique rechargeable pour cocktails et whisky,"Trustpilot 1,7/5 (24 avis, 92 % 1 étoile) : ""I was a backer for this on kickstarter. They took my $100+ for two and never shipped them."" ; frais de port imposés après coup, livraison avant Noël manquée. [colère backers: forte]",expédition partielle,,site: https://www.smokpub.com/pages/contact,4,,,Source signal: https://www.trustpilot.com/review/smokpub.com (date n.c.). Montant: 656 951 $ / 7 607 backers. Confiance signal: haute. Montant via Kicktraq. Aucun nom de fondateur publié (page Our Story). 7 avis Trustpilot sur les 12 derniers mois.
AYANEO FLIP 1S,Crowdfunding Indiegogo – marque établie,https://www.indiegogo.com/en/projects/ayaneo/flip-1s-flip-dual-screen-full-keyboard-handheld,Console PC portable à clapet (double écran ou clavier),"Arrivée prévue oct. 2025, envois débutés mi-déc. 2025 ; version 8840U : ""Supplier is unable to fulfill deliveries at this stage or in the foreseeable future"" ; restant AI 370 promis avant Nouvel An chinois. [retard ~2 mois] [colère backers: forte]",expédition partielle,Arthur Zhang,LinkedIn entreprise: https://www.linkedin.com/company/ayaneo-gaming,4,,,Source signal: https://retrohandhelds.gg/ayaneo-refuses-to-accept-responsibility-puts-blame-on-everyone-else-for-delays/ (2026-01-01). Montant: n.c.. Confiance signal: haute. Source fondateur: https://ayaneo.com/article/795. Update Indiegogo source : https://www.indiegogo.com/en/projects/ayaneo/flip-1s-flip-dual-screen-full-keyboard-handheld/updates/7 (contenu non lisible). Chiffre '206 unités' non confirmé. Coupon 50 $ offert aux non-livrés. Commentaires : 'first and last time ever' ordering.
Circular Ring 2,Crowdfunding Kickstarter – startup/petite,https://www.kickstarter.com/projects/circular-ring/circular-ring-2-worlds-most-advanced-health-tracking-ring,"Bague connectée santé (ECG, sommeil, activité) sans abonnement","Expédition prévue juin 2025, démarrée mi-juillet ; derniers envois backers en oct. 2025 (""By Week 5, we were down to 60 remaining orders""). + polémique : fonctions stretch-goal BP/glycémie devenues payantes. [retard ~4 mois] [colère backers: modérée]",expédié en retard,Amaury Kosman (co-fondateur & CEO),LinkedIn fondateur: https://fr.linkedin.com/in/amaury-kosman,3,,,"Source signal: https://www.circular.xyz/post/circular-ring-2-release-notes-oct-2025 (2025-10). Montant: 3,8 M$ (nb backers non visible). Confiance signal: haute. Source fondateur: https://www.welltodoglobal.com/post/amaury-kosman-co-founder-and-ceo-of-circular/."
Halliday,Crowdfunding Kickstarter – startup/petite,https://www.kickstarter.com/projects/halliday-ai-glasses/halliday-proactive-ai-glasses-with-invisible-display,Lunettes IA avec micro-écran invisible (DigiWindow),"Promis mars/avril 2025, dispo générale oct. 2025 ; le COO admet en 2026 : ""As a newcomer to the industry, we didn't speak [the manufacturer's] language."" (""many mistakes"" sur la G1). [retard ~6 mois] [colère backers: forte]",expédié en retard,Carter Hou (co-fondateur & COO),LinkedIn fondateur: https://cn.linkedin.com/in/carter-hou-76564480,3,,,"Source signal: https://www.engadget.com/2216393/halliday-g2-smart-glasses/ (2026-07-21). Montant: 3,3 M$ — 8 020 backers (Kicktraq). Confiance signal: haute. Source fondateur: https://www.engadget.com/2216393/halliday-g2-smart-glasses/."
GAMR - Active Gaming Play Pad,Crowdfunding Kickstarter – startup/petite,https://www.kickstarter.com/projects/active-gaming-pad/gamr-active-gaming-play-pad,Tapis de jeu actif Bluetooth à capteurs de pression,Livraison promise mai 2026 (VIP) / juin 2026 (Early Bird) ; le créateur indique en commentaire Kickstarter que des retards de matières premières ont retardé la fabrication.,inconnu,"Vinod Ajjarapu (fondateur & CEO, GameX Studios)",email pro: [email removed — see 03_DISCOVERY] (publié sur https://getgamr.com/products/gamr-play-pad-reserve-only),3,,,"Source signal: https://www.kickstarter.com/projects/active-gaming-pad/gamr-active-gaming-play-pad/comments?comment=Q29tbWVudC00ODAyODk5Ng%3D%3D (date n.c.). Montant: plus de 290 000 $ (snippet de recherche, backers non visibles). Confiance signal: moyenne (relayé, page non rouverte). Source fondateur: https://www.linkedin.com/in/vajjarapu/."
"Phrozen Arco 3D Printer - Larger, Faster, More Colors",Crowdfunding Kickstarter – marque établie,https://www.kickstarter.com/projects/phrozenmake/phrozen-arco-3d-printer-larger-faster-more-colors,Imprimante 3D FDM CoreXY multicolore,"Trustpilot (21 janv. 2026): ""after a 1.5-year delay (received January 2026)"" + pannes du Chroma Kit. Promis juillet 2024, premiers envois juin 2025 (~11 mois de retard). [retard ~11 mois] [colère backers: forte]",expédié en retard,Ray Wu (co-fondateur & CEO),LinkedIn entreprise: https://www.linkedin.com/company/phrozen-3d-printer,3,,,"Source signal: https://ca.trustpilot.com/review/phrozen3d.com (2026-01-21). Montant: $1,408,493 – 1,413 backers. Confiance signal: haute. Source fondateur: https://www.sliceengineering.com/blogs/video/interview-with-phrozen-ceo-ray-wu."
Looktech AI Glasses,Crowdfunding Kickstarter – startup/petite,https://www.kickstarter.com/projects/looktech/looktech-smart-ai-glasses-and-hands-free-hd-camera,Lunettes connectées IA avec caméra 13MP,Livraison promise avril 2025; update Kickstarter « First Shipments Out » le 9 nov. 2025 (~7 mois de retard). Dernière mise à jour du projet le 17 juil. 2026. [retard ~7 mois],expédié en retard,Shawn Yi (co-fondateur & CEO; CTO Leo Tong),site: https://www.looktech.ai/pages/contact-us,3,,,"Source signal: https://www.kickstarter.com/projects/looktech/looktech-smart-ai-glasses-and-hands-free-hd-camera/posts (2025-11-09). Montant: HK$9,265,054 – 4,774 backers. Confiance signal: haute. Source fondateur: https://pr.ai/threads/looktech-inc-smart-glasses-hong-kong-hong-kong.25929/."
AYANEO Pocket DS,Crowdfunding Indiegogo – marque établie,https://www.indiegogo.com/en/projects/ayaneo/pocket-ds-world-s-1st-dual-screen-android-handheld,Console portable Android à double écran,"Promis octobre 2025; retard dû à des problèmes d'approvisionnement de cartes mères; 86 unités expédiées le 10 janv. 2026, 102 restantes. Le 14 fév. 2026: ""All crowdfunding orders have been fulfilled as promised"". [retard ~4 mois] [colère backers: forte]",expédié en retard,Arthur Zhang (fondateur & CEO),email pro: [email removed — see 03_DISCOVERY] (https://www.ayaneo.com/article/911),3,,,Source signal: https://www.ayaneo.com/article/911 (2026-01-12). Montant: n.c.. Confiance signal: haute. Source fondateur: https://ayaneo.com/article/795.
HOVERAir AQUA,Crowdfunding Indiegogo – marque établie,https://www.indiegogo.com/en/projects/hoverair/hoverair-aqua-first-waterproof-self-flying-camera,Drone caméra autonome étanche (selfie drone),"Expédition repoussée de déc. 2025 à fév. 2026 (refonte antenne, micros, batterie); puis interdiction FCC: au lancement global (28 mai 2026) les backers US se voient offrir des remboursements au lieu de livraison.",expédition partielle,Mengqiu (MQ) Wang (co-fondateur & CEO; co-fondateur Tony Zhang),site: https://global.hoverair.com/pages/about-us,3,,,"Source signal: https://dronexl.co/2026/05/28/hoverair-aqua-global-launch-us-fcc-ban/ (2026-05-28). Montant: >$2M – >1,800 backers. Confiance signal: haute. Source fondateur: https://global.hoverair.com/pages/about-us."
eufyMake E1,Crowdfunding Kickstarter – marque établie,https://www.kickstarter.com/projects/ankermake/eufymake-e1-the-first-personal-3d-textured-uv-printer,Imprimante UV personnelle à texture 3D,"Production suspendue pour « engineering hurdles with the metering tank and magenta ink pressure »; 1 635 unités expédiées au 26/12/2025, 100 % US/CA promis début fév. 2026. Avis sept. 2026: « it took about a year ». [colère backers: modérée]",expédié en retard,"Cheney Xie (responsable eufyMake / directeur hardware, Anker Innovations)",site: https://www.eufymake.com/contact-us,3,,,"Source signal: https://www.eufymake.com/blogs/news/eufymake-live-ama-recap (2025-12-26). Montant: 46 762 258 $ / 17 822 contributeurs (record Kickstarter). Confiance signal: haute. Source fondateur: https://eu.36kr.com/en/p/3806507139390984. Selon synthèse de recherche: livraison initialement prévue juillet 2025, toutes les commandes Kickstarter honorées en avril 2026 (Hackster, page en 403). Problème résolu -> signal de retard passé."
Trio 3 & Trio 3 Pro,Crowdfunding Kickstarter – startup/petite,https://www.kickstarter.com/projects/mobilepixels/trio-3-and-trio-pro-triple-your-laptops-screen-space,Écrans portables magnétiques pour tripler l'affichage d'un laptop,Le créateur reconnaît une erreur de production sur le gabarit de positionnement des aimants (version corrigée en fabrication) ; un backer signale que l'envoi promis en octobre a glissé au-delà de Noël.,inconnu,Jack Yao,email pro: mailto:[email removed — see 03_DISCOVERY],3,,,"Source signal: https://www.kickstarter.com/projects/mobilepixels/trio-3-and-trio-pro-triple-your-laptops-screen-space/posts/4557552/comments (date n.c.). Montant: 287 421 $ / 691 backers. Confiance signal: moyenne (relayé, page non rouverte). Source fondateur: https://www.mobilepixels.us/pages/about-us. Kickstarter bloqué (403) : signal repris du résumé antérieur, non revérifié en direct. Montant/backers via Kicktraq (campagne 19 août-23 sept.)."
CyberBrick,Crowdfunding Kickstarter – marque établie,https://www.kickstarter.com/projects/makerworld/cyberbrick-beyond-bricks,Kits de jouets RC imprimables 3D modulaires (Bambu Lab),"Expédition annoncée 15 mai 2025, kits livrés mi-juin/juillet 2025 ; t-shirts backers reçus fin oct. 2025 (6 mois de retard), encore attendus déc. 2025 : ""No reward, no info, nothing"". [retard ~1 mois] [colère backers: modérée]",expédié en retard,Dr. Ye Tao (fondateur & CEO de Bambu Lab),Kickstarter/Indiegogo message,2,,,Source signal: https://forum.bambulab.com/t/still-not-shipped-cyberbrick-kickstarter-t-shirts-missing-in-action/184646 (2025-12-01). Montant: HK$ 5 219 708 — 10 552 backers. Confiance signal: haute. Source fondateur: https://www.fabbaloo.com/news/bambu-labs-journey-from-startup-to-industry-leader-an-exclusive-with-ceo-dr-ye-tao.
The Modular Table by Wyrmwood - European Shipping,Crowdfunding Kickstarter – startup/petite,https://www.kickstarter.com/projects/wyrmwood/the-modular-table-by-wyrmwood-european-shipping,Table de jeu modulaire en bois massif (livraison Europe),"Livraison prévue fév. 2025 (selon backer Reddit) ; update 15 (avr. 2025) : fulfillment UE bloqué par paperasse/enregistrement TVA (SimplyVAT), devis transporteurs toujours attendus. [colère backers: modérée]",inconnu,"Douglas Costello (co-fondateur, CEO selon la page About)",site: https://wyrmwoodgaming.com/contact-us/,2,,,Source signal: https://www.kickstarter.com/projects/wyrmwood/the-modular-table-by-wyrmwood-european-shipping/posts/4323565 (2025-04-01). Montant: 321 471 $ — 381 backers (Kicktraq). Confiance signal: haute. Source fondateur: https://wyrmwoodgaming.com/about-us/.
LISSOME R1,Crowdfunding Kickstarter – startup/petite,https://www.kickstarter.com/projects/lissome-r1/lissome-r1-mini-but-powerful-portable-dishwasher,Lave-vaisselle portable compact (11 pouces) sans raccordement,"Le créateur a reconnu des retards de production des machines et un calendrier d'expédition manqué; un backer signale attendre sa livraison (commentaires Kickstarter, non vérifiable directement: page 403). Pas de date promise sourcée.",inconnu,Xie Mingzuo (Steve Xie),email pro: https://lissomesmart.com/pages/contact ([email removed — see 03_DISCOVERY]),2,,,"Source signal: https://www.kickstarter.com/projects/lissome-r1/lissome-r1-mini-but-powerful-portable-dishwasher/posts?comment=Q29tbWVudC00NDYxODU4Ng%3D%3D&reply=Q29tbWVudC00NDYyMDg0OQ%3D%3D (date n.c.). Montant: $352,279 – 876 backers. Confiance signal: moyenne (relayé, page non rouverte). Source fondateur: https://yangtzeer.com/news/deals/lissome-ai-dishwasher-raises-funds/."
ZoomYao Max,Crowdfunding Kickstarter – startup/petite,https://www.kickstarter.com/projects/zoomyao/zoomyao-max-compact-yet-powerful-2-in-1-air-blaster-and-vacuum,Souffleur d'air et aspirateur compact 2-en-1 sans fil,"Dans les commentaires Kickstarter, le créateur s'excuse du retard et indique qu'une commande est restée dans le second lot de production (non revérifié: page Kickstarter en 403).",expédition partielle,,Kickstarter/Indiegogo message: https://www.kickstarter.com/projects/zoomyao/zoomyao-max-compact-yet-powerful-2-in-1-air-blaster-and-vacuum,2,,,"Source signal: https://www.kickstarter.com/projects/zoomyao/zoomyao-max-compact-yet-powerful-2-in-1-air-blaster-and-vacuum/comments (date n.c.). Montant: HK$186 787 / 248 contributeurs (Kickstarter, janv.-fév. 2025). Confiance signal: moyenne (relayé, page non rouverte). Montant et lieu depuis Kicktraq (https://www.kicktraq.com/projects/136880564/zoomyao-max-compact-yet-powerful-2-in-1-air-blaster-and-vacuum/). Campagne InDemand Indiegogo aussi active."
Blisstil Serenade,Crowdfunding Kickstarter – startup/petite,https://www.kickstarter.com/projects/blisstil/blisstil-serenade-over-ear-anc-sleep-and-travel-headphones,Casque de sommeil et voyage à réduction de bruit active,"Livraison promise déc. 2025-janv. 2026; pause de production après retours des testeurs et retard d'expédition annoncé de 2 à 4 semaines (update créateur, non revérifiée). Estimation ultérieure: avril-juin 2026.",inconnu,"Oliver Masson (fondateur et ingénieur, Blisstil)",Kickstarter/Indiegogo message: https://www.kickstarter.com/projects/blisstil/blisstil-serenade-over-ear-anc-sleep-and-travel-headphones,2,,,"Source signal: https://www.indiegogo.com/cs/projects/oliviermasson/blisstil-serenade--over-ear-anc-sleep--travel-headphones/updates (date n.c.). Montant: 1 001 216 $ / 3 272 contributeurs (Kickstarter + late pledges); 889 912 $ / 2 922 pendant la campagne (Kicktraq). Confiance signal: moyenne (relayé, page non rouverte). Source fondateur: https://www.kickstarter.com/projects/blisstil/blisstil-serenade-over-ear-anc-sleep-and-travel-headphones/creator. Updates Indiegogo illisibles (JS). Blisstil.com vend désormais depuis un entrepôt de Shenzhen, ce qui suggère que les expéditions ont commencé (non confirmé). Estimation avril-juin 2026 tirée d'une synthèse de recherche sans URL précise."
Roller Pro Carry-On Luggage by Peak Design,Crowdfunding Kickstarter – marque établie,https://www.kickstarter.com/projects/peak-design/roller-pro-carry-on-luggage-by-peak-design,Valise cabine à roulettes premium pour voyageurs/photographes,"Livraison 'Standard' promise juil.-août 2025 ; Update 18 (fin sept. 2025) : typhon Ragasa perturbe l'entrepôt de Hong Kong, 100 % des envois visés au 16 oct. 2025 (~2 mois de retard). [retard ~2 mois]",expédié en retard,Peter Dering,Kickstarter/Indiegogo message: https://roller-pro-by-peak-design.backerkit.com/faq,2,,,Source signal: https://www.kickstarter.com/projects/peak-design/roller-pro-carry-on-luggage-by-peak-design/posts/4485322 (2025-09). Montant: 13 408 553 $ / 24 219 backers. Confiance signal: haute. Source fondateur: https://en.wikipedia.org/wiki/Peak_Design. Promesse juil.-août 2025 : cpricewatch.com (2025-04-02). Post Reddit d'origine (r/peakdesign) non accessible (blocage) : colère non vérifiée.
Friend,Crowdfunding Kickstarter – startup/petite,https://www.kickstarter.com/projects/kodjima333/friend-open-source-ai-wearable-recording-device,Collier IA open source qui enregistre et résume les conversations,Premiers envois mai 2024 (US prioritaires) ; commentaire Kickstarter (extrait de recherche) reconnaissant qu'un backer n'a pas reçu son appareil et d'autres signalements de non-réception. [colère backers: faible],expédition partielle,Nik Shevchenko,site: https://help.omi.me/en/articles/12017447-omi-device-orders-shipping-what-to-expect,2,,,"Source signal: https://www.kickstarter.com/projects/kodjima333/friend-open-source-ai-wearable-recording-device/comments (date n.c.). Montant: 49 868 $ / 712 backers. Confiance signal: moyenne (relayé, page non rouverte). Source fondateur: https://techcrunch.com/2025/01/08/omi-a-competitor-to-friend-wants-to-boost-your-productivity-using-ai-and-a-brain-interface. Signal faible, non revérifié (Kickstarter bloqué). Envois mai 2024 via Kicktraq. Email support obfusqué sur help.omi.me."
"Rokid AR Lite, Your First AR Glasses for Spatial Computing",Crowdfunding Kickstarter – marque établie,https://www.kickstarter.com/projects/45971229/rokid-ar-lite,Lunettes AR avec station de calcul Android autonome,Livraison estimée sept. 2024 ; Rokid reconnaît des difficultés de certification perturbant production/expédition ; en déc. un backer n'avait toujours aucune confirmation d'envoi. [colère backers: modérée],expédié en retard,Misa Zhu,site: https://global.rokid.com/,2,,,"Source signal: https://www.reddit.com/r/rokid_official/comments/1g3afsf/rokid_ar_lite_kickstarter_production_process (2024-10). Montant: HK$ 9 586 083 / 2 222 backers. Confiance signal: moyenne (relayé, page non rouverte). Source fondateur: https://www.forbes.com/sites/yasminezhai/2024/01/19/chinese-ar-unicorn-rokid-raises-70-million-to-expand-enterprise-business/. Reddit bloqué : signal repris du résumé antérieur. Trustpilot global.rokid.com 2,3/5 (118 avis) avec plaintes backers mais surtout sur la campagne Rokid Glasses 2025, pas AR Lite. Statut 'expédié' déduit d'un backer #125 'Shipped Out' (snippet)."
Valerion VisionMaster,Crowdfunding Kickstarter – marque établie,https://www.kickstarter.com/projects/valerionvisionmaster/valerion-visionmaster-cinematic-grade-rgb-laser-projector,Vidéoprojecteur laser RGB home-cinéma,"Commentaires backers : retard jugé déraisonnable, produit dispo en retail alors que backers attendaient",expédié en retard,,,2,,,Non enrichi (hors top 30). Source signal (FindAll Parallel): https://www.kickstarter.com/projects/valerionvisionmaster/valerion-visionmaster-cinematic-grade-rgb-laser-projector/comments. Confiance: moyenne.
GPD DUO 13.3-inch Dual-OLED Screen Laptop (GPD HK Indiegogo campaign),Crowdfunding Indiegogo – marque établie,https://www.indiegogo.com/en/projects/gpdhk/gpd-duo-13-3-inch-dual-oled-screen-laptop,"PC portable double écran OLED 13,3""",Commentaire : l'usine refuse une procédure firmware carte mère (standard de production de masse non atteint),inconnu,,,2,,,Non enrichi (hors top 30). Source signal (FindAll Parallel): https://www.indiegogo.com/projects/gpdhk/gpd-duo-13-3-inch-dual-oled-screen-laptop/comments?commentId=4793271. Confiance: moyenne.
AYANEO Pocket DMG,Crowdfunding Indiegogo – marque établie,https://www.indiegogo.com/en/projects/ayaneo/ayaneo-pocket-dmg-snapdragon-g3x-gen-2-handheld,Console portable Android (Snapdragon G3x Gen 2),"Estimation d'envoi oct. 2024, update : envois version Retro Color vers début janvier",expédié en retard,,,2,,,Non enrichi (hors top 30). Source signal (FindAll Parallel): https://retrododo.com/ayaneo-reveals-pricing-release-date-for-pocket-dmg-and-micro-handhelds ; https://www.indiegogo.com/en/projects/ayaneo/ayaneo-pocket-dmg-snapdragon-g3x-gen-2-handheld/updates/13. Confiance: moyenne.
AYANEO FLIP,Crowdfunding Indiegogo – marque établie,https://www.indiegogo.com/en/projects/ayaneo/ayaneo-flip-1st-ever-dual-screen-windows-handheld,Console PC portable double écran / clavier,"Envois backers ≥2 mois de retard, problèmes de production répétés (déclaration officielle AYANEO)",expédié en retard,,,2,,,Non enrichi (hors top 30). Source signal (FindAll Parallel): https://www.notebookcheck.net/Ayaneo-issues-official-statement-and-resolutions-for-outstanding-Flip-DS-and-Flip-KB-orders.968352.0.html. Confiance: moyenne.
OneXPlayer X1,Crowdfunding Indiegogo – marque établie,https://www.indiegogo.com/en/projects/one-netbook/onexplayer-x1-ultra-155h-10-95in-3-in-1-handheld,Console PC portable 3-en-1,"Plaintes : défauts connus avant expédition (batterie), produit défectueux livré",expédié,,,2,,,Non enrichi (hors top 30). Source signal (FindAll Parallel): https://www.indiegogo.com/en/projects/one-netbook/onexplayer-x1-ultra-155h-10-95in-3-in-1-handheld/comments ; https://www.facebook.com/groups/1081108859670838/posts/1595406831574369/. Confiance: moyenne.
JSAUX FlipGo,Crowdfunding Kickstarter – marque établie,https://www.kickstarter.com/projects/jsaux/jsaux-flipgo-portable-dual-screen-for-boosted-productivity,Double écran portable pour laptop,"Update 16 mai : excuses pour l'attente, seule une partie des commandes expédiée",expédié en retard,,,2,,,Non enrichi (hors top 30). Source signal (FindAll Parallel): https://www.kickstarter.com/projects/jsaux/jsaux-flipgo-portable-dual-screen-for-boosted-productivity/posts. Confiance: moyenne.
AYANEO Pocket EVO,Crowdfunding Indiegogo – marque établie,https://www.indiegogo.com/en/projects/ayaneo/pocket-evo-7-1080p-165hz-oled-android-handheld,"Console Android 7"" OLED","Envois prévus début nov. 2024, repoussés après le Nouvel An chinois (update 30/01/2025) ; correctif thermique",expédié en retard,,,2,,,Non enrichi (hors top 30). Source signal (FindAll Parallel): https://ayaneo.com/article/852 ; https://www.indiegogo.com/en/projects/ayaneo/pocket-evo-7-1080p-165hz-oled-android-handheld/updates. Confiance: moyenne.
XGIMI TITAN Noir Series,Crowdfunding Kickstarter – marque établie,https://www.kickstarter.com/projects/xgimititannoir/xgimi-titan-noir-series-4k-projector,Vidéoprojecteur 4K laser RGB,Support plafond court livré ~2 mois après le projecteur (calendrier de production),inconnu,,,1,,,Non enrichi (hors top 30). Source signal (FindAll Parallel): https://www.kickstarter.com/projects/xgimititannoir/xgimi-titan-noir-series-4k-projector/posts. Confiance: moyenne.
RingConn Gen 2,Crowdfunding Kickstarter – marque établie,https://www.kickstarter.com/projects/2059923007/ringconn-gen-2-ultimate-lightness-12-days-battery,Bague connectée santé,"Backers : kits de tailles non reçus, pas de suivi (logistique, pas défaut de fabrication)",inconnu,,,1,,,Non enrichi (hors top 30). Source signal (FindAll Parallel): https://www.kickstarter.com/projects/2059923007/ringconn-gen-2-ultimate-lightness-12-days-battery/posts/4185333/comments?lang=de. Confiance: moyenne.
AYANEO Pocket AIR Mini Indiegogo campaign,Crowdfunding Indiegogo – marque établie,https://www.indiegogo.com/en/projects/ayaneo/pocket-air-mini-first-4-3-retro-screen-handheld,Console portable rétro 4:3,"Envois prévus fin nov. décalés en déc. (collecte d'adresses, pas fabrication)",expédié en retard,,,1,,,Non enrichi (hors top 30). Source signal (FindAll Parallel): https://www.indiegogo.com/en/projects/ayaneo/pocket-air-mini-first-4-3-retro-screen-handheld/updates/7. Confiance: moyenne.
Snapmaker U1 Color 3D Printer,Crowdfunding Kickstarter – marque établie,https://www.kickstarter.com/projects/snapmaker/snapmaker-u1-color-3d-printer-5x-more-speed-5x-less-waste,Imprimante 3D multicolore,"Retours Reddit : rigidité châssis, bruit axe Z, bourrages filament (QA pré-production)",expédié,,,1,,,Non enrichi (hors top 30). Source signal (FindAll Parallel): https://www.reddit.com/r/snapmaker/comments/1p8ssrx/snapmaker_u1_things_no_review_talked_about ; https://www.reddit.com/r/snapmaker/comments/1sw2ooq/snapmaker_u1_problems. Confiance: moyenne.
SARELLY,Marque DTC (Shopify/Amazon),https://us.sarelly.com/,Cosmétiques – palette La Mil Sombras (fab. Chine),Lancement produit 13/05/2025 ; CA 2026 projeté ~15 M$,n/a (lancement),,site: https://us.sarelly.com/,1,,,"A2 FindAll, non enrichi (fondateur non recherché). Sources: https://sarelly.com/blogs/the-sarelly-family-blog/la-mil-sombras-nuestra-version-de-una-paleta-de-sombras-basica ; CA: https://www.beautyindependent.com/sarelly-projects-15m-sales-this-year-goes-mexico-world. Pas de problème de production documenté. CA = estimation tierce, confiance faible."
Satechi,Marque DTC (Shopify/Amazon),https://satechi.com/,Accessoires tech – clavier SM3 Slim (fab. Chine),Lancement 08/01/2025 ; CA ~15 M$ (estimation externe),n/a (lancement),,site: https://satechi.com/,1,,,"A2 FindAll, non enrichi (fondateur non recherché). Sources: https://appleinsider.com/articles/25/01/08/satechi-sm3-slim-mechanical-backlit-bluetooth-keyboard-arrives-with-a-full-layout ; CA: https://ecdb.com/resources/sample-data/retailer/satechi. Pas de problème de production documenté. CA = estimation tierce, confiance faible."
Aer,Marque DTC (Shopify/Amazon),https://aersf.com/,Sacs – City Pack Pro 2 (fab. Chine),Lancement 2025 ; CA ~5 M$ (estimation),n/a (lancement),,site: https://aersf.com/,1,,,"A2 FindAll, non enrichi (fondateur non recherché). Sources: https://www.packhacker.com/travel-gear/aer/city-pack-pro-2 ; CA: https://www.owler.com/company/aersf. Pas de problème de production documenté. CA = estimation tierce, confiance faible."
MOFT,Marque DTC (Shopify/Amazon),https://www.moft.us/,Accessoires MagSafe – Trackable Snap Tripod Wallet (fab. Chine),"Annonce CES 2026 (05/01/2026) ; ventes en ligne 2025 ~8,6 M$ (estimation)",n/a (lancement),,site: https://www.moft.us/,1,,,"A2 FindAll, non enrichi (fondateur non recherché). Sources: https://www.moft.com/blogs/news/moft-previews-find-my-compatible-magsafe-accessories-at-ces-2026 ; CA: https://gripsintelligence.com/insights/retailers/moft.us. Pas de problème de production documenté. CA = estimation tierce, confiance faible."
